{"cameraMode":{"drawMode":0,"name":"Shaded","section":"Shading Mode"},"sceneLighting":true,"audioPlay":false,"sceneViewState":{"m_AlwaysRefresh":false,"showFog":true,"showSkybox":true,"showFlares":true,"showImageEffects":true,"showParticleSystems":true,"showVisualEffectGraphs":true,"m_FxEnabled":true},"in2DMode":false,"pivot":{"x":-1.8811688423156739,"y":-0.20065081119537354,"z":5.15264368057251},"rotation":{"x":-0.19135122001171113,"y":0.32514438033103945,"z":-0.06318778544664383,"w":-0.9242730736732483},"size":5.193178176879883,"orthographic":false}