{"cameraMode":{"drawMode":0,"name":"Shaded","section":"Shading Mode"},"sceneLighting":true,"audioPlay":false,"sceneViewState":{"m_AlwaysRefresh":false,"showFog":true,"showSkybox":true,"showFlares":true,"showImageEffects":true,"showParticleSystems":true,"showVisualEffectGraphs":true,"m_FxEnabled":true},"in2DMode":false,"pivot":{"x":-2.8590803146362306,"y":2.2018909454345705,"z":9.437660217285157},"rotation":{"x":0.23887251317501069,"y":-0.2953532934188843,"z":0.07281158864498139,"w":0.9224451780319214},"size":12.12435531616211,"orthographic":false}